header length,15
Area,330000.0 390000.0 390000.0 450000.0
Data Source,Global simulations
Members,00000,00605,00834,01113,01554,01649,01843,01935,02123,02242,02305,02335,02491,02832,02868,bcc-csm1-1,CCSM4,CESM1-BGC,CanESM2,CMCC-CM,CNRM-CM5,EC-EARTH,ACCESS1-3,HadGEM2-ES,IPSL-CM5A-MR,MPI-ESM-MR,MRI-CGCM3,GFDL-ESM2G
Scenario,RCP 8.5
Software Version,WPS-2.11.0-DP-2.11.0-CV-1.0.10
Spatial Representation,60km grid
Temporal Average Type,Monthly
Time Period,January
Variable,Mean air temperature at 1.5m (°C)
Year Maximum,1915
Year Minimum,1910
x-axis,Eastings (BNG)
y-axis,Northings (BNG)

1910-01-16
--,330000.0,390000.0
450000.0,4.462344,4.149538
390000.0,4.856359,4.0073676
1911-01-16
--,330000.0,390000.0
450000.0,1.9944813,1.5877866
390000.0,2.4600856,1.3503138
1912-01-16
--,330000.0,390000.0
450000.0,0.20194468,-0.3154127
390000.0,0.80658346,-0.60270095
1913-01-16
--,330000.0,390000.0
450000.0,1.3327382,0.77906865
390000.0,1.8802078,0.36616907
1914-01-16
--,330000.0,390000.0
450000.0,4.06428,3.7650437
390000.0,4.4230685,3.611019
