header length,15
Area,330000.0 390000.0 390000.0 450000.0
Data Source,Global simulations
Members,00000,00605,00834,01113,01554,01649,01843,01935,02123,02242,02305,02335,02491,02832,02868,bcc-csm1-1,CCSM4,CESM1-BGC,CanESM2,CMCC-CM,CNRM-CM5,EC-EARTH,ACCESS1-3,HadGEM2-ES,IPSL-CM5A-MR,MPI-ESM-MR,MRI-CGCM3,GFDL-ESM2G
Scenario,RCP 8.5
Software Version,WPS-2.11.0-DP-2.11.0-CV-1.0.10
Spatial Representation,60km grid
Temporal Average Type,Monthly
Time Period,January
Variable,Mean air temperature at 1.5m (°C)
Year Maximum,1915
Year Minimum,1910
x-axis,Eastings (BNG)
y-axis,Northings (BNG)

1910-01-16
--,330000.0,390000.0
450000.0,2.4596934,0.89596146
390000.0,2.4311001,1.4958383
1911-01-16
--,330000.0,390000.0
450000.0,4.317002,3.0360143
390000.0,4.3770094,3.6083148
1912-01-16
--,330000.0,390000.0
450000.0,5.216572,4.1946445
390000.0,5.374493,4.708711
1913-01-16
--,330000.0,390000.0
450000.0,1.2377431,-0.40878305
390000.0,1.5074521,0.18532287
1914-01-16
--,330000.0,390000.0
450000.0,-1.0857049,-3.441383
390000.0,-1.2389408,-3.3653142
