header length,15
Area,330000.0 390000.0 390000.0 450000.0
Data Source,Global simulations
Members,00000,00605,00834,01113,01554,01649,01843,01935,02123,02242,02305,02335,02491,02832,02868,bcc-csm1-1,CCSM4,CESM1-BGC,CanESM2,CMCC-CM,CNRM-CM5,EC-EARTH,ACCESS1-3,HadGEM2-ES,IPSL-CM5A-MR,MPI-ESM-MR,MRI-CGCM3,GFDL-ESM2G
Scenario,RCP 8.5
Software Version,WPS-2.11.0-DP-2.11.0-CV-1.0.10
Spatial Representation,60km grid
Temporal Average Type,Monthly
Time Period,January
Variable,Mean air temperature at 1.5m (°C)
Year Maximum,1915
Year Minimum,1910
x-axis,Eastings (BNG)
y-axis,Northings (BNG)

1910-01-16
--,330000.0,390000.0
450000.0,5.8572154,4.4454384
390000.0,6.204936,5.4225297
1911-01-16
--,330000.0,390000.0
450000.0,5.2033124,4.0384507
390000.0,5.5555844,4.7538996
1912-01-16
--,330000.0,390000.0
450000.0,3.2368283,1.6607906
390000.0,3.145173,2.2193186
1913-01-16
--,330000.0,390000.0
450000.0,2.1283443,0.37362415
390000.0,1.8920999,0.45416856
1914-01-16
--,330000.0,390000.0
450000.0,1.1674895,-0.9900455
390000.0,0.8259351,-0.122727886
