header length,15
Area,330000.0 390000.0 390000.0 450000.0
Data Source,Global simulations
Members,00000,00605,00834,01113,01554,01649,01843,01935,02123,02242,02305,02335,02491,02832,02868,bcc-csm1-1,CCSM4,CESM1-BGC,CanESM2,CMCC-CM,CNRM-CM5,EC-EARTH,ACCESS1-3,HadGEM2-ES,IPSL-CM5A-MR,MPI-ESM-MR,MRI-CGCM3,GFDL-ESM2G
Scenario,RCP 8.5
Software Version,WPS-2.11.0-DP-2.11.0-CV-1.0.10
Spatial Representation,60km grid
Temporal Average Type,Monthly
Time Period,January
Variable,Mean air temperature at 1.5m (°C)
Year Maximum,1915
Year Minimum,1910
x-axis,Eastings (BNG)
y-axis,Northings (BNG)

1910-01-16
--,330000.0,390000.0
450000.0,4.953175,3.5430617
390000.0,4.853121,3.9064724
1911-01-16
--,330000.0,390000.0
450000.0,3.989837,2.578937
390000.0,4.055576,3.18813
1912-01-16
--,330000.0,390000.0
450000.0,4.436324,3.3164656
390000.0,4.457844,3.6681502
1913-01-16
--,330000.0,390000.0
450000.0,4.9723525,3.9429622
390000.0,4.9014134,4.2616196
1914-01-16
--,330000.0,390000.0
450000.0,7.443791,6.526077
390000.0,7.8654194,7.2812805
