header length,15
Area,330000.0 390000.0 390000.0 450000.0
Data Source,Global simulations
Members,00000,00605,00834,01113,01554,01649,01843,01935,02123,02242,02305,02335,02491,02832,02868,bcc-csm1-1,CCSM4,CESM1-BGC,CanESM2,CMCC-CM,CNRM-CM5,EC-EARTH,ACCESS1-3,HadGEM2-ES,IPSL-CM5A-MR,MPI-ESM-MR,MRI-CGCM3,GFDL-ESM2G
Scenario,RCP 8.5
Software Version,WPS-2.11.0-DP-2.11.0-CV-1.0.10
Spatial Representation,60km grid
Temporal Average Type,Monthly
Time Period,January
Variable,Mean air temperature at 1.5m (°C)
Year Maximum,1915
Year Minimum,1910
x-axis,Eastings (BNG)
y-axis,Northings (BNG)

1910-01-16
--,330000.0,390000.0
450000.0,1.9146152,0.4887813
390000.0,1.8194531,0.75446975
1911-01-16
--,330000.0,390000.0
450000.0,4.4822593,3.0669675
390000.0,4.5903063,3.4945507
1912-01-16
--,330000.0,390000.0
450000.0,-0.8764262,-3.6348174
390000.0,-1.6349174,-3.4724844
1913-01-16
--,330000.0,390000.0
450000.0,5.099028,3.9734235
390000.0,5.0592227,4.2925334
1914-01-16
--,330000.0,390000.0
450000.0,4.6378756,3.1444516
390000.0,4.7801814,3.585267
