header length,15
Area,330000.0 390000.0 390000.0 450000.0
Data Source,Global simulations
Members,00000,00605,00834,01113,01554,01649,01843,01935,02123,02242,02305,02335,02491,02832,02868,bcc-csm1-1,CCSM4,CESM1-BGC,CanESM2,CMCC-CM,CNRM-CM5,EC-EARTH,ACCESS1-3,HadGEM2-ES,IPSL-CM5A-MR,MPI-ESM-MR,MRI-CGCM3,GFDL-ESM2G
Scenario,RCP 8.5
Software Version,WPS-2.11.0-DP-2.11.0-CV-1.0.10
Spatial Representation,60km grid
Temporal Average Type,Monthly
Time Period,January
Variable,Mean air temperature at 1.5m (°C)
Year Maximum,1915
Year Minimum,1910
x-axis,Eastings (BNG)
y-axis,Northings (BNG)

1910-01-16
--,330000.0,390000.0
450000.0,0.66560537,-2.0501778
390000.0,0.9275309,-1.1375737
1911-01-16
--,330000.0,390000.0
450000.0,4.8036733,3.4424746
390000.0,5.0605526,4.022328
1912-01-16
--,330000.0,390000.0
450000.0,0.37823117,-2.7882771
390000.0,-0.63171047,-2.8349166
1913-01-16
--,330000.0,390000.0
450000.0,-1.627439,-4.053889
390000.0,-1.683891,-3.302848
1914-01-16
--,330000.0,390000.0
450000.0,4.760397,3.5165832
390000.0,4.541081,3.6948392
