header length,15
Area,330000.0 390000.0 390000.0 450000.0
Data Source,Global simulations
Members,00000,00605,00834,01113,01554,01649,01843,01935,02123,02242,02305,02335,02491,02832,02868,bcc-csm1-1,CCSM4,CESM1-BGC,CanESM2,CMCC-CM,CNRM-CM5,EC-EARTH,ACCESS1-3,HadGEM2-ES,IPSL-CM5A-MR,MPI-ESM-MR,MRI-CGCM3,GFDL-ESM2G
Scenario,RCP 8.5
Software Version,WPS-2.11.0-DP-2.11.0-CV-1.0.10
Spatial Representation,60km grid
Temporal Average Type,Monthly
Time Period,January
Variable,Mean air temperature at 1.5m (°C)
Year Maximum,1915
Year Minimum,1910
x-axis,Eastings (BNG)
y-axis,Northings (BNG)

1910-01-16
--,330000.0,390000.0
450000.0,4.4662724,3.2254775
390000.0,4.291539,3.3469088
1911-01-16
--,330000.0,390000.0
450000.0,5.7394505,4.742645
390000.0,5.7403765,5.0668178
1912-01-16
--,330000.0,390000.0
450000.0,3.5037327,1.7907119
390000.0,3.4199905,2.1054282
1913-01-16
--,330000.0,390000.0
450000.0,2.7981818,1.1978819
390000.0,2.868123,1.5001667
1914-01-16
--,330000.0,390000.0
450000.0,4.514259,3.2617483
390000.0,4.344228,3.423434
