header length,15
Area,330000.0 390000.0 390000.0 450000.0
Data Source,Global simulations
Members,00000,00605,00834,01113,01554,01649,01843,01935,02123,02242,02305,02335,02491,02832,02868,bcc-csm1-1,CCSM4,CESM1-BGC,CanESM2,CMCC-CM,CNRM-CM5,EC-EARTH,ACCESS1-3,HadGEM2-ES,IPSL-CM5A-MR,MPI-ESM-MR,MRI-CGCM3,GFDL-ESM2G
Scenario,RCP 8.5
Software Version,WPS-2.11.0-DP-2.11.0-CV-1.0.10
Spatial Representation,60km grid
Temporal Average Type,Monthly
Time Period,January
Variable,Mean air temperature at 1.5m (°C)
Year Maximum,1915
Year Minimum,1910
x-axis,Eastings (BNG)
y-axis,Northings (BNG)

1910-01-16
--,330000.0,390000.0
450000.0,-1.162257,-2.678289
390000.0,-1.5761427,-2.826666
1911-01-16
--,330000.0,390000.0
450000.0,5.0191073,4.209916
390000.0,5.1032395,4.5376477
1912-01-16
--,330000.0,390000.0
450000.0,2.9516115,2.1717803
390000.0,2.8989246,2.3468764
1913-01-16
--,330000.0,390000.0
450000.0,3.5449636,2.1416464
390000.0,3.4136329,2.5198362
1914-01-16
--,330000.0,390000.0
450000.0,3.3788123,2.47813
390000.0,3.4680676,2.799511
