header length,15
Area,330000.0 390000.0 390000.0 450000.0
Data Source,Global simulations
Members,00000,00605,00834,01113,01554,01649,01843,01935,02123,02242,02305,02335,02491,02832,02868,bcc-csm1-1,CCSM4,CESM1-BGC,CanESM2,CMCC-CM,CNRM-CM5,EC-EARTH,ACCESS1-3,HadGEM2-ES,IPSL-CM5A-MR,MPI-ESM-MR,MRI-CGCM3,GFDL-ESM2G
Scenario,RCP 8.5
Software Version,WPS-2.11.0-DP-2.11.0-CV-1.0.10
Spatial Representation,60km grid
Temporal Average Type,Monthly
Time Period,January
Variable,Mean air temperature at 1.5m (°C)
Year Maximum,1915
Year Minimum,1910
x-axis,Eastings (BNG)
y-axis,Northings (BNG)

1910-01-16
--,330000.0,390000.0
450000.0,3.0129793,2.8477335
390000.0,3.3646631,3.0816982
1911-01-16
--,330000.0,390000.0
450000.0,-0.68860936,-0.79532313
390000.0,-0.7544336,-1.0214249
1912-01-16
--,330000.0,390000.0
450000.0,-3.3888364,-3.3546817
390000.0,-3.3757832,-3.4807546
1913-01-16
--,330000.0,390000.0
450000.0,0.8473598,0.6737212
390000.0,1.1013314,0.87541574
1914-01-16
--,330000.0,390000.0
450000.0,1.7598737,1.7068912
390000.0,2.1145408,1.9867502
