header length,15
Area,330000.0 390000.0 390000.0 450000.0
Data Source,Global simulations
Members,00000,00605,00834,01113,01554,01649,01843,01935,02123,02242,02305,02335,02491,02832,02868,bcc-csm1-1,CCSM4,CESM1-BGC,CanESM2,CMCC-CM,CNRM-CM5,EC-EARTH,ACCESS1-3,HadGEM2-ES,IPSL-CM5A-MR,MPI-ESM-MR,MRI-CGCM3,GFDL-ESM2G
Scenario,RCP 8.5
Software Version,WPS-2.11.0-DP-2.11.0-CV-1.0.10
Spatial Representation,60km grid
Temporal Average Type,Monthly
Time Period,January
Variable,Mean air temperature at 1.5m (°C)
Year Maximum,1915
Year Minimum,1910
x-axis,Eastings (BNG)
y-axis,Northings (BNG)

1910-01-16
--,330000.0,390000.0
450000.0,3.2267091,2.7691014
390000.0,2.9207208,2.531806
1911-01-16
--,330000.0,390000.0
450000.0,1.7264954,1.3058057
390000.0,1.1503029,0.865013
1912-01-16
--,330000.0,390000.0
450000.0,3.353235,2.8686996
390000.0,2.8968284,2.4875536
1913-01-16
--,330000.0,390000.0
450000.0,2.950708,2.4389734
390000.0,2.3127215,1.9369003
1914-01-16
--,330000.0,390000.0
450000.0,4.992853,4.631599
390000.0,4.799229,4.4650435
