header length,15
Area,330000.0 390000.0 390000.0 450000.0
Data Source,Global simulations
Members,00000,00605,00834,01113,01554,01649,01843,01935,02123,02242,02305,02335,02491,02832,02868,bcc-csm1-1,CCSM4,CESM1-BGC,CanESM2,CMCC-CM,CNRM-CM5,EC-EARTH,ACCESS1-3,HadGEM2-ES,IPSL-CM5A-MR,MPI-ESM-MR,MRI-CGCM3,GFDL-ESM2G
Scenario,RCP 8.5
Software Version,WPS-2.11.0-DP-2.11.0-CV-1.0.10
Spatial Representation,60km grid
Temporal Average Type,Monthly
Time Period,January
Variable,Mean air temperature at 1.5m (°C)
Year Maximum,1915
Year Minimum,1910
x-axis,Eastings (BNG)
y-axis,Northings (BNG)

1910-01-16
--,330000.0,390000.0
450000.0,1.4932572,1.1129714
390000.0,1.5146606,1.005871
1911-01-16
--,330000.0,390000.0
450000.0,0.18938372,0.17327157
390000.0,0.5525943,0.3620092
1912-01-16
--,330000.0,390000.0
450000.0,3.5910978,3.3017366
390000.0,3.8423681,3.4928699
1913-01-16
--,330000.0,390000.0
450000.0,1.741757,1.4838358
390000.0,2.0386071,1.6725748
1914-01-16
--,330000.0,390000.0
450000.0,2.6250327,2.0524662
390000.0,2.6197622,1.8843684
