header length,15
Area,330000.0 390000.0 390000.0 450000.0
Data Source,Global simulations
Members,00000,00605,00834,01113,01554,01649,01843,01935,02123,02242,02305,02335,02491,02832,02868,bcc-csm1-1,CCSM4,CESM1-BGC,CanESM2,CMCC-CM,CNRM-CM5,EC-EARTH,ACCESS1-3,HadGEM2-ES,IPSL-CM5A-MR,MPI-ESM-MR,MRI-CGCM3,GFDL-ESM2G
Scenario,RCP 8.5
Software Version,WPS-2.11.0-DP-2.11.0-CV-1.0.10
Spatial Representation,60km grid
Temporal Average Type,Monthly
Time Period,January
Variable,Mean air temperature at 1.5m (°C)
Year Maximum,1915
Year Minimum,1910
x-axis,Eastings (BNG)
y-axis,Northings (BNG)

1910-01-16
--,330000.0,390000.0
450000.0,4.9543734,3.1879468
390000.0,4.721781,3.6065142
1911-01-16
--,330000.0,390000.0
450000.0,5.1603203,3.9944072
390000.0,5.292826,4.5067124
1912-01-16
--,330000.0,390000.0
450000.0,6.002986,4.9588675
390000.0,6.2646914,5.586882
1913-01-16
--,330000.0,390000.0
450000.0,2.105769,0.27487618
390000.0,2.2856607,0.9315785
1914-01-16
--,330000.0,390000.0
450000.0,3.7549434,2.3429477
390000.0,3.411124,2.4768198
