header length,15
Area,330000.0 390000.0 390000.0 450000.0
Data Source,Global simulations
Members,00000,00605,00834,01113,01554,01649,01843,01935,02123,02242,02305,02335,02491,02832,02868,bcc-csm1-1,CCSM4,CESM1-BGC,CanESM2,CMCC-CM,CNRM-CM5,EC-EARTH,ACCESS1-3,HadGEM2-ES,IPSL-CM5A-MR,MPI-ESM-MR,MRI-CGCM3,GFDL-ESM2G
Scenario,RCP 8.5
Software Version,WPS-2.11.0-DP-2.11.0-CV-1.0.10
Spatial Representation,60km grid
Temporal Average Type,Monthly
Time Period,January
Variable,Mean air temperature at 1.5m (°C)
Year Maximum,1915
Year Minimum,1910
x-axis,Eastings (BNG)
y-axis,Northings (BNG)

1910-01-16
--,330000.0,390000.0
450000.0,-1.3733888,-1.3733885
390000.0,-1.1420027,-1.3733888
1911-01-16
--,330000.0,390000.0
450000.0,3.4132018,3.4132016
390000.0,3.551694,3.413202
1912-01-16
--,330000.0,390000.0
450000.0,4.479517,4.4795165
390000.0,4.6137514,4.4795165
1913-01-16
--,330000.0,390000.0
450000.0,6.1170597,6.117059
390000.0,6.242609,6.1170597
1914-01-16
--,330000.0,390000.0
450000.0,2.4079225,2.407922
390000.0,2.5983863,2.4079225
