header length,16
Area,390000.0 450000.0
Baseline,1981-2000
Data Source,Land probabilistic projections
Data Type,cdf
Return Period,20 years
Scenario,RCP 2.6
Software Version,WPS-2.9.0-DP-2.9.0-CV-1.0.10
Spatial Representation,25km grid
Temporal Average Type,Seasonal
Time Period,December January February
Time Slice Type,1-year time slices
Variable,Maximum air temperature at 1.5m (°C)
Year Maximum,1965
Year Minimum,1962
Maximum air temperature at 1.5m (°C)(0.1 Percentile),Maximum air temperature at 1.5m (°C)(0.25 Percentile),Maximum air temperature at 1.5m (°C)(0.5 Percentile),Maximum air temperature at 1.5m (°C)(0.75 Percentile),Maximum air temperature at 1.5m (°C)(1st Percentile),Maximum air temperature at 1.5m (°C)(1.5 Percentile),Maximum air temperature at 1.5m (°C)(2nd Percentile),Maximum air temperature at 1.5m (°C)(2.5 Percentile),Maximum air temperature at 1.5m (°C)(3rd Percentile),Maximum air temperature at 1.5m (°C)(4th Percentile),Maximum air temperature at 1.5m (°C)(5th Percentile),Maximum air temperature at 1.5m (°C)(6th Percentile),Maximum air temperature at 1.5m (°C)(7th Percentile),Maximum air temperature at 1.5m (°C)(8th Percentile),Maximum air temperature at 1.5m (°C)(9th Percentile),Maximum air temperature at 1.5m (°C)(10th Percentile),Maximum air temperature at 1.5m (°C)(11th Percentile),Maximum air temperature at 1.5m (°C)(12th Percentile),Maximum air temperature at 1.5m (°C)(13th Percentile),Maximum air temperature at 1.5m (°C)(14th Percentile),Maximum air temperature at 1.5m (°C)(15th Percentile),Maximum air temperature at 1.5m (°C)(16th Percentile),Maximum air temperature at 1.5m (°C)(17th Percentile),Maximum air temperature at 1.5m (°C)(18th Percentile),Maximum air temperature at 1.5m (°C)(19th Percentile),Maximum air temperature at 1.5m (°C)(20th Percentile),Maximum air temperature at 1.5m (°C)(21st Percentile),Maximum air temperature at 1.5m (°C)(22nd Percentile),Maximum air temperature at 1.5m (°C)(23rd Percentile),Maximum air temperature at 1.5m (°C)(24th Percentile),Maximum air temperature at 1.5m (°C)(25th Percentile),Maximum air temperature at 1.5m (°C)(26th Percentile),Maximum air temperature at 1.5m (°C)(27th Percentile),Maximum air temperature at 1.5m (°C)(28th Percentile),Maximum air temperature at 1.5m (°C)(29th Percentile),Maximum air temperature at 1.5m (°C)(30th Percentile),Maximum air temperature at 1.5m (°C)(31st Percentile),Maximum air temperature at 1.5m (°C)(32nd Percentile),Maximum air temperature at 1.5m (°C)(33rd Percentile),Maximum air temperature at 1.5m (°C)(34th Percentile),Maximum air temperature at 1.5m (°C)(35th Percentile),Maximum air temperature at 1.5m (°C)(36th Percentile),Maximum air temperature at 1.5m (°C)(37th Percentile),Maximum air temperature at 1.5m (°C)(38th Percentile),Maximum air temperature at 1.5m (°C)(39th Percentile),Maximum air temperature at 1.5m (°C)(40th Percentile),Maximum air temperature at 1.5m (°C)(41st Percentile),Maximum air temperature at 1.5m (°C)(42nd Percentile),Maximum air temperature at 1.5m (°C)(43rd Percentile),Maximum air temperature at 1.5m (°C)(44th Percentile),Maximum air temperature at 1.5m (°C)(45th Percentile),Maximum air temperature at 1.5m (°C)(46th Percentile),Maximum air temperature at 1.5m (°C)(47th Percentile),Maximum air temperature at 1.5m (°C)(48th Percentile),Maximum air temperature at 1.5m (°C)(49th Percentile),Maximum air temperature at 1.5m (°C)(50th Percentile),Maximum air temperature at 1.5m (°C)(51st Percentile),Maximum air temperature at 1.5m (°C)(52nd Percentile),Maximum air temperature at 1.5m (°C)(53rd Percentile),Maximum air temperature at 1.5m (°C)(54th Percentile),Maximum air temperature at 1.5m (°C)(55th Percentile),Maximum air temperature at 1.5m (°C)(56th Percentile),Maximum air temperature at 1.5m (°C)(57th Percentile),Maximum air temperature at 1.5m (°C)(58th Percentile),Maximum air temperature at 1.5m (°C)(59th Percentile),Maximum air temperature at 1.5m (°C)(60th Percentile),Maximum air temperature at 1.5m (°C)(61st Percentile),Maximum air temperature at 1.5m (°C)(62nd Percentile),Maximum air temperature at 1.5m (°C)(63rd Percentile),Maximum air temperature at 1.5m (°C)(64th Percentile),Maximum air temperature at 1.5m (°C)(65th Percentile),Maximum air temperature at 1.5m (°C)(66th Percentile),Maximum air temperature at 1.5m (°C)(67th Percentile),Maximum air temperature at 1.5m (°C)(68th Percentile),Maximum air temperature at 1.5m (°C)(69th Percentile),Maximum air temperature at 1.5m (°C)(70th Percentile),Maximum air temperature at 1.5m (°C)(71st Percentile),Maximum air temperature at 1.5m (°C)(72nd Percentile),Maximum air temperature at 1.5m (°C)(73rd Percentile),Maximum air temperature at 1.5m (°C)(74th Percentile),Maximum air temperature at 1.5m (°C)(75th Percentile),Maximum air temperature at 1.5m (°C)(76th Percentile),Maximum air temperature at 1.5m (°C)(77th Percentile),Maximum air temperature at 1.5m (°C)(78th Percentile),Maximum air temperature at 1.5m (°C)(79th Percentile),Maximum air temperature at 1.5m (°C)(80th Percentile),Maximum air temperature at 1.5m (°C)(81st Percentile),Maximum air temperature at 1.5m (°C)(82nd Percentile),Maximum air temperature at 1.5m (°C)(83rd Percentile),Maximum air temperature at 1.5m (°C)(84th Percentile),Maximum air temperature at 1.5m (°C)(85th Percentile),Maximum air temperature at 1.5m (°C)(86th Percentile),Maximum air temperature at 1.5m (°C)(87th Percentile),Maximum air temperature at 1.5m (°C)(88th Percentile),Maximum air temperature at 1.5m (°C)(89th Percentile),Maximum air temperature at 1.5m (°C)(90th Percentile),Maximum air temperature at 1.5m (°C)(91st Percentile),Maximum air temperature at 1.5m (°C)(92nd Percentile),Maximum air temperature at 1.5m (°C)(93rd Percentile),Maximum air temperature at 1.5m (°C)(94th Percentile),Maximum air temperature at 1.5m (°C)(95th Percentile),Maximum air temperature at 1.5m (°C)(96th Percentile),Maximum air temperature at 1.5m (°C)(97th Percentile),Maximum air temperature at 1.5m (°C)(97.5 Percentile),Maximum air temperature at 1.5m (°C)(98th Percentile),Maximum air temperature at 1.5m (°C)(98.5 Percentile),Maximum air temperature at 1.5m (°C)(99th Percentile),Maximum air temperature at 1.5m (°C)(99.25 Percentile),Maximum air temperature at 1.5m (°C)(99.5 Percentile),Maximum air temperature at 1.5m (°C)(99.75 Percentile),Maximum air temperature at 1.5m (°C)(99.90 Percentile)
1962-01-01,--,--,--,--,--,--,--,--,--,--,14.304103,14.339018,14.36695,14.394882,14.422814,14.443763,14.464712,14.4856615,14.50661,14.527559,14.548509,14.562474,14.583424,14.597389,14.611356,14.625321,14.646271,14.660236,14.674203,14.688169,14.702135,14.716101,14.730066,14.73705,14.751016,14.764982,14.778948,14.792913,14.799897,14.813863,14.827829,14.834812,14.848778,14.862744,14.869727,14.883693,14.897659,14.904642,14.918608,14.925591,14.939557,14.953524,14.960506,14.974472,14.988439,14.995421,15.009387,15.016371,15.030336,15.044302,15.051286,15.065251,15.072234,15.086201,15.100166,15.107149,15.121116,15.135081,15.142065,15.156031,15.169996,15.183963,15.190946,15.204912,15.218878,15.232843,15.24681,15.253793,15.267759,15.281725,15.295691,15.309657,15.323623,15.337589,15.358538,15.372504,15.38647,15.400436,15.421385,15.435351,15.456301,15.477249,15.4981985,15.519148,15.540096,15.568028,15.595961,15.623893,15.651825,15.68674,15.728638,--,--,--,--,--,--,--,--,--,--
1963-01-01,--,--,--,--,--,--,--,--,--,--,14.309981,14.344805,14.372664,14.400523,14.428382,14.449276,14.47017,14.491064,14.511958,14.532852,14.546782,14.567676,14.581605,14.602499,14.616428,14.630358,14.644287,14.658216,14.679111,14.69304,14.700005,14.713934,14.727863,14.741793,14.755722,14.769651,14.783581,14.790545,14.804475,14.818404,14.825369,14.839298,14.853228,14.860192,14.874122,14.888051,14.895016,14.908945,14.922874,14.929839,14.943769,14.950734,14.9646635,14.978593,14.985558,14.999487,15.013416,15.020381,15.03431,15.041275,15.055204,15.069134,15.076098,15.090028,15.0969925,15.110922,15.124851,15.131816,15.145745,15.159675,15.173604,15.180569,15.194498,15.208427,15.222357,15.2293215,15.243251,15.25718,15.27111,15.285039,15.298968,15.312898,15.326827,15.340756,15.354686,15.37558,15.389509,15.403439,15.424333,15.438262,15.459156,15.48005,15.500944,15.521839,15.542733,15.570592,15.591486,15.619345,15.654168,15.688992,15.73078,--,--,--,--,--,--,--,--,--,--
1964-01-01,--,--,--,--,--,--,--,--,--,--,14.316248,14.350976,14.378758,14.40654,14.434322,14.455159,14.475996,14.496833,14.517669,14.538506,14.552397,14.573234,14.587125,14.607962,14.621853,14.635743,14.649634,14.663526,14.677417,14.691308,14.705199,14.71909,14.732982,14.746872,14.760763,14.767709,14.7816,14.795491,14.809382,14.816328,14.830219,14.8441105,14.851056,14.864947,14.878838,14.885783,14.899674,14.913566,14.920511,14.934402,14.948294,14.955239,14.9691305,14.976076,14.989966,15.003858,15.010803,15.024694,15.03164,15.045531,15.0594225,15.066368,15.080259,15.094151,15.101096,15.114986,15.128878,15.135823,15.149714,15.163606,15.170551,15.1844425,15.198334,15.212225,15.219171,15.233061,15.246952,15.260843,15.2747345,15.288626,15.302517,15.316408,15.330299,15.344191,15.358081,15.371972,15.392809,15.4067,15.420591,15.441428,15.462265,15.476155,15.496992,15.517829,15.545611,15.566448,15.594231,15.622012,15.65674,15.691468,15.733141,--,--,--,--,--,--,--,--,--,--
