header length,15
Area,330000.0 390000.0 390000.0 450000.0
Data Source,Global simulations
Members,00000,00605,00834,01113,01554,01649,01843,01935,02123,02242,02305,02335,02491,02832,02868,bcc-csm1-1,CCSM4,CESM1-BGC,CanESM2,CMCC-CM,CNRM-CM5,EC-EARTH,ACCESS1-3,HadGEM2-ES,IPSL-CM5A-MR,MPI-ESM-MR,MRI-CGCM3,GFDL-ESM2G
Scenario,RCP 8.5
Software Version,WPS-2.11.0-DP-2.11.0-CV-1.0.10
Spatial Representation,60km grid
Temporal Average Type,Monthly
Time Period,January
Variable,Mean air temperature at 1.5m (°C)
Year Maximum,1915
Year Minimum,1910
x-axis,Eastings (BNG)
y-axis,Northings (BNG)

1910-01-16
--,330000.0,390000.0
450000.0,4.701121,4.7018843
390000.0,5.226369,4.832976
1911-01-16
--,330000.0,390000.0
450000.0,4.63303,4.6337514
390000.0,5.248816,4.778103
1912-01-16
--,330000.0,390000.0
450000.0,4.511521,4.5117292
390000.0,5.218075,4.789593
1913-01-16
--,330000.0,390000.0
450000.0,6.164057,6.1640224
390000.0,6.7153826,6.4100885
1914-01-16
--,330000.0,390000.0
450000.0,4.403086,4.403588
390000.0,4.965846,4.6039085
