header length,15
Area,330000.0 390000.0 390000.0 450000.0
Data Source,Global simulations
Members,00000,00605,00834,01113,01554,01649,01843,01935,02123,02242,02305,02335,02491,02832,02868,bcc-csm1-1,CCSM4,CESM1-BGC,CanESM2,CMCC-CM,CNRM-CM5,EC-EARTH,ACCESS1-3,HadGEM2-ES,IPSL-CM5A-MR,MPI-ESM-MR,MRI-CGCM3,GFDL-ESM2G
Scenario,RCP 8.5
Software Version,WPS-2.11.0-DP-2.11.0-CV-1.0.10
Spatial Representation,60km grid
Temporal Average Type,Monthly
Time Period,January
Variable,Mean air temperature at 1.5m (°C)
Year Maximum,1915
Year Minimum,1910
x-axis,Eastings (BNG)
y-axis,Northings (BNG)

1910-01-16
--,330000.0,390000.0
450000.0,-1.2492325,-3.1095352
390000.0,-1.5105941,-2.623516
1911-01-16
--,330000.0,390000.0
450000.0,4.911468,3.9014845
390000.0,4.939805,4.2876835
1912-01-16
--,330000.0,390000.0
450000.0,1.9807855,-0.0786066
390000.0,1.8437194,0.42979276
1913-01-16
--,330000.0,390000.0
450000.0,3.0311358,1.660234
390000.0,3.2406402,2.188774
1914-01-16
--,330000.0,390000.0
450000.0,6.60559,5.693011
390000.0,6.6849594,6.0331984
