header length,16
Area,437500.0 212500.0
Baseline,1981-2000
Data Source,Land probabilistic projections
Data Type,cdf
Return Period,50 years
Scenario,RCP 6.0
Software Version,WPS-2.9.0-DP-2.9.0-CV-1.0.10
Spatial Representation,25km grid
Temporal Average Type,Seasonal
Time Period,December January February
Time Slice Type,1-year time slices
Variable,5-day total precipitation (mm)
Year Maximum,1970
Year Minimum,1962
5-day total precipitation (mm)(0.1 Percentile),5-day total precipitation (mm)(0.25 Percentile),5-day total precipitation (mm)(0.5 Percentile),5-day total precipitation (mm)(0.75 Percentile),5-day total precipitation (mm)(1st Percentile),5-day total precipitation (mm)(1.5 Percentile),5-day total precipitation (mm)(2nd Percentile),5-day total precipitation (mm)(2.5 Percentile),5-day total precipitation (mm)(3rd Percentile),5-day total precipitation (mm)(4th Percentile),5-day total precipitation (mm)(5th Percentile),5-day total precipitation (mm)(6th Percentile),5-day total precipitation (mm)(7th Percentile),5-day total precipitation (mm)(8th Percentile),5-day total precipitation (mm)(9th Percentile),5-day total precipitation (mm)(10th Percentile),5-day total precipitation (mm)(11th Percentile),5-day total precipitation (mm)(12th Percentile),5-day total precipitation (mm)(13th Percentile),5-day total precipitation (mm)(14th Percentile),5-day total precipitation (mm)(15th Percentile),5-day total precipitation (mm)(16th Percentile),5-day total precipitation (mm)(17th Percentile),5-day total precipitation (mm)(18th Percentile),5-day total precipitation (mm)(19th Percentile),5-day total precipitation (mm)(20th Percentile),5-day total precipitation (mm)(21st Percentile),5-day total precipitation (mm)(22nd Percentile),5-day total precipitation (mm)(23rd Percentile),5-day total precipitation (mm)(24th Percentile),5-day total precipitation (mm)(25th Percentile),5-day total precipitation (mm)(26th Percentile),5-day total precipitation (mm)(27th Percentile),5-day total precipitation (mm)(28th Percentile),5-day total precipitation (mm)(29th Percentile),5-day total precipitation (mm)(30th Percentile),5-day total precipitation (mm)(31st Percentile),5-day total precipitation (mm)(32nd Percentile),5-day total precipitation (mm)(33rd Percentile),5-day total precipitation (mm)(34th Percentile),5-day total precipitation (mm)(35th Percentile),5-day total precipitation (mm)(36th Percentile),5-day total precipitation (mm)(37th Percentile),5-day total precipitation (mm)(38th Percentile),5-day total precipitation (mm)(39th Percentile),5-day total precipitation (mm)(40th Percentile),5-day total precipitation (mm)(41st Percentile),5-day total precipitation (mm)(42nd Percentile),5-day total precipitation (mm)(43rd Percentile),5-day total precipitation (mm)(44th Percentile),5-day total precipitation (mm)(45th Percentile),5-day total precipitation (mm)(46th Percentile),5-day total precipitation (mm)(47th Percentile),5-day total precipitation (mm)(48th Percentile),5-day total precipitation (mm)(49th Percentile),5-day total precipitation (mm)(50th Percentile),5-day total precipitation (mm)(51st Percentile),5-day total precipitation (mm)(52nd Percentile),5-day total precipitation (mm)(53rd Percentile),5-day total precipitation (mm)(54th Percentile),5-day total precipitation (mm)(55th Percentile),5-day total precipitation (mm)(56th Percentile),5-day total precipitation (mm)(57th Percentile),5-day total precipitation (mm)(58th Percentile),5-day total precipitation (mm)(59th Percentile),5-day total precipitation (mm)(60th Percentile),5-day total precipitation (mm)(61st Percentile),5-day total precipitation (mm)(62nd Percentile),5-day total precipitation (mm)(63rd Percentile),5-day total precipitation (mm)(64th Percentile),5-day total precipitation (mm)(65th Percentile),5-day total precipitation (mm)(66th Percentile),5-day total precipitation (mm)(67th Percentile),5-day total precipitation (mm)(68th Percentile),5-day total precipitation (mm)(69th Percentile),5-day total precipitation (mm)(70th Percentile),5-day total precipitation (mm)(71st Percentile),5-day total precipitation (mm)(72nd Percentile),5-day total precipitation (mm)(73rd Percentile),5-day total precipitation (mm)(74th Percentile),5-day total precipitation (mm)(75th Percentile),5-day total precipitation (mm)(76th Percentile),5-day total precipitation (mm)(77th Percentile),5-day total precipitation (mm)(78th Percentile),5-day total precipitation (mm)(79th Percentile),5-day total precipitation (mm)(80th Percentile),5-day total precipitation (mm)(81st Percentile),5-day total precipitation (mm)(82nd Percentile),5-day total precipitation (mm)(83rd Percentile),5-day total precipitation (mm)(84th Percentile),5-day total precipitation (mm)(85th Percentile),5-day total precipitation (mm)(86th Percentile),5-day total precipitation (mm)(87th Percentile),5-day total precipitation (mm)(88th Percentile),5-day total precipitation (mm)(89th Percentile),5-day total precipitation (mm)(90th Percentile),5-day total precipitation (mm)(91st Percentile),5-day total precipitation (mm)(92nd Percentile),5-day total precipitation (mm)(93rd Percentile),5-day total precipitation (mm)(94th Percentile),5-day total precipitation (mm)(95th Percentile),5-day total precipitation (mm)(96th Percentile),5-day total precipitation (mm)(97th Percentile),5-day total precipitation (mm)(97.5 Percentile),5-day total precipitation (mm)(98th Percentile),5-day total precipitation (mm)(98.5 Percentile),5-day total precipitation (mm)(99th Percentile),5-day total precipitation (mm)(99.25 Percentile),5-day total precipitation (mm)(99.5 Percentile),5-day total precipitation (mm)(99.75 Percentile),5-day total precipitation (mm)(99.90 Percentile)
1962-01-16,--,--,--,--,--,--,--,--,--,--,61.95604,62.230125,62.504208,62.778294,63.05238,63.257942,63.46351,63.600548,63.806114,63.943157,64.14872,64.28576,64.422806,64.559845,64.69689,64.83393,64.97098,65.10802,65.245056,65.3821,65.51914,65.58767,65.72471,65.86175,65.998795,66.067314,66.20436,66.3414,66.47844,66.54697,66.684006,66.821045,66.88957,67.02661,67.16366,67.23218,67.36922,67.50626,67.57478,67.71182,67.84887,67.91739,68.05443,68.122955,68.259995,68.328514,68.46556,68.6026,68.67112,68.80817,68.876686,69.013725,69.08225,69.21929,69.28781,69.42486,69.5619,69.63042,69.76746,69.83598,69.97303,70.11007,70.17859,70.315636,70.452675,70.521194,70.65824,70.79528,70.93233,71.00085,71.137886,71.27493,71.41197,71.54902,71.75458,71.891624,72.02866,72.23423,72.37127,72.576836,72.7824,72.98796,73.19353,73.399086,73.67317,73.94726,74.221344,74.49543,74.838036,75.24916,75.66029,--,--,--,--,--,--,--,--,--,--
1963-01-16,--,--,--,--,--,--,--,--,--,--,61.917107,62.25949,62.533394,62.8073,63.01273,63.286636,63.42359,63.62902,63.83445,63.9714,64.10835,64.31378,64.45074,64.58769,64.72464,64.861595,64.99855,65.135506,65.27245,65.40941,65.546364,65.61484,65.75179,65.88874,66.025696,66.09418,66.231125,66.36808,66.436554,66.57351,66.710464,66.84741,66.91589,67.05284,67.1898,67.25828,67.395226,67.53218,67.600655,67.73761,67.80608,67.94304,68.079994,68.14847,68.28542,68.3539,68.49085,68.559326,68.69628,68.764755,68.90171,69.038666,69.10714,69.244095,69.31257,69.449524,69.518,69.65495,69.72343,69.86038,69.99734,70.06581,70.20277,70.339714,70.408195,70.54514,70.6821,70.81905,70.88753,71.02448,71.16144,71.298386,71.43534,71.572296,71.70924,71.91468,72.05163,72.18858,72.39401,72.59944,72.80487,73.0103,73.21573,73.42116,73.69507,73.96897,74.24288,74.516785,74.85917,75.27003,75.680885,--,--,--,--,--,--,--,--,--,--
1964-01-16,--,--,--,--,--,--,--,--,--,--,61.948112,62.290264,62.563984,62.837708,63.043,63.24829,63.453583,63.658875,63.864166,64.00103,64.137886,64.34318,64.48004,64.616905,64.75376,64.890625,65.02749,65.164345,65.30121,65.43807,65.5065,65.643364,65.78022,65.91708,65.98551,66.122375,66.25924,66.396095,66.46453,66.60139,66.73825,66.80668,66.94354,67.08041,67.148834,67.2857,67.422554,67.49099,67.627846,67.76471,67.83314,67.97,68.03843,68.17529,68.31215,68.380585,68.51744,68.58588,68.72273,68.79117,68.928024,68.99646,69.133316,69.20175,69.33861,69.47547,69.5439,69.68076,69.74919,69.886055,70.02292,70.09135,70.22821,70.29664,70.4335,70.57036,70.70722,70.77565,70.91251,71.04938,71.18623,71.3231,71.45996,71.59682,71.73368,71.870544,72.075836,72.21269,72.417984,72.623276,72.76014,72.96543,73.17072,73.44444,73.649734,73.92346,74.26561,74.53934,74.881485,75.29207,75.70265,--,--,--,--,--,--,--,--,--,--
1965-01-16,--,--,--,--,--,--,--,--,--,--,61.98189,62.32377,62.597267,62.870766,63.07589,63.281013,63.486137,63.69126,63.82801,64.033134,64.16988,64.30663,64.51176,64.648506,64.785255,64.922005,65.058754,65.1955,65.33225,65.400635,65.537384,65.67413,65.81088,65.94763,66.01601,66.152756,66.289505,66.35788,66.49463,66.63138,66.76813,66.8365,66.97325,67.11,67.178375,67.315125,67.45187,67.52025,67.657,67.72537,67.86212,67.99887,68.067245,68.203995,68.27237,68.40912,68.47749,68.61424,68.75099,68.81937,68.956116,69.02449,69.16124,69.229614,69.36636,69.43474,69.57149,69.708244,69.77662,69.91337,69.98174,70.11849,70.25524,70.323616,70.460365,70.597115,70.66549,70.80224,70.93899,71.07574,71.21249,71.349236,71.485985,71.622734,71.75948,71.89623,72.10136,72.238106,72.44323,72.57998,72.7851,72.99023,73.19535,73.46885,73.67397,73.94748,74.22098,74.56285,74.904724,75.2466,75.72522,--,--,--,--,--,--,--,--,--,--
1966-01-16,--,--,--,--,--,--,--,--,--,--,62.018097,62.359665,62.632923,62.837864,63.11112,63.316063,63.521004,63.725945,63.86257,64.06751,64.20414,64.340775,64.4774,64.68234,64.81897,64.9556,65.092224,65.22885,65.297165,65.43379,65.57042,65.707054,65.84368,65.911995,66.04862,66.18525,66.32188,66.39019,66.52682,66.663445,66.73176,66.868385,67.00501,67.07333,67.20996,67.34659,67.4149,67.55153,67.688156,67.75647,67.8931,67.96141,68.09804,68.234665,68.30298,68.439606,68.50793,68.644554,68.71287,68.849495,68.91781,69.054436,69.19106,69.25938,69.396,69.46432,69.600945,69.66926,69.805885,69.94252,70.01083,70.14746,70.215775,70.3524,70.48903,70.55734,70.69397,70.8306,70.967224,71.10385,71.240486,71.3088,71.51374,71.65037,71.786995,71.92362,72.06025,72.26519,72.40182,72.60676,72.81171,73.01665,73.22159,73.42653,73.69978,73.97304,74.2463,74.58787,74.929436,75.271,75.68089,--,--,--,--,--,--,--,--,--,--
1967-01-16,--,--,--,--,--,--,--,--,--,--,62.05771,62.330677,62.603645,62.876614,63.149582,63.35431,63.559036,63.69552,63.900246,64.03673,64.241455,64.37794,64.51443,64.65091,64.78739,64.923874,65.06036,65.196846,65.33333,65.46981,65.60629,65.74278,65.81102,65.94751,66.08399,66.220474,66.28872,66.4252,66.56168,66.62993,66.76641,66.90289,66.97114,67.10762,67.2441,67.31235,67.44883,67.58531,67.65356,67.79004,67.92653,67.99477,68.13125,68.19949,68.335976,68.40422,68.5407,68.677185,68.74543,68.88191,68.95016,69.08664,69.154884,69.29137,69.35961,69.49609,69.632576,69.70082,69.8373,69.90555,70.04203,70.17851,70.24676,70.38324,70.51972,70.58797,70.72445,70.86093,70.99741,71.06566,71.20214,71.33863,71.47511,71.611595,71.81632,71.952805,72.08929,72.294014,72.430504,72.63522,72.83995,73.04468,73.249405,73.45413,73.7271,74.00007,74.27303,74.546005,74.887215,75.29667,75.706116,--,--,--,--,--,--,--,--,--,--
1968-01-16,--,--,--,--,--,--,--,--,--,--,62.026012,62.367073,62.63992,62.91277,63.117405,63.32204,63.526676,63.73131,63.935947,64.07237,64.27701,64.41343,64.54986,64.68628,64.8227,64.95913,65.09555,65.23197,65.3684,65.50482,65.64124,65.77767,65.84588,65.98231,66.11873,66.18694,66.323364,66.459785,66.596214,66.66442,66.80085,66.93727,67.005486,67.14191,67.278336,67.34654,67.48297,67.61939,67.68761,67.82403,67.89224,68.02866,68.165085,68.2333,68.36972,68.437935,68.574356,68.64257,68.77899,68.847206,68.98363,69.120056,69.18826,69.32469,69.3929,69.52933,69.597534,69.73396,69.870384,69.9386,70.07502,70.143234,70.279655,70.41608,70.48429,70.62072,70.75714,70.89356,70.96178,71.0982,71.23463,71.37105,71.50747,71.6439,71.78032,71.984955,72.121376,72.257805,72.46244,72.667076,72.8035,73.00813,73.28098,73.48562,73.690254,73.9631,74.30416,74.57701,74.91807,75.32734,75.73661,--,--,--,--,--,--,--,--,--,--
1969-01-16,--,--,--,--,--,--,--,--,--,--,62.0709,62.411575,62.684113,62.956654,63.161057,63.365463,63.569866,63.77427,63.91054,64.114944,64.25121,64.45562,64.59189,64.72816,64.864426,65.000694,65.13696,65.27324,65.40951,65.54578,65.682045,65.75018,65.88645,66.02272,66.15899,66.22712,66.363396,66.499664,66.567795,66.70406,66.84034,66.90847,67.04474,67.18101,67.249146,67.385414,67.52168,67.58982,67.72609,67.86236,67.9305,68.066765,68.134895,68.271164,68.3393,68.47557,68.61184,68.67998,68.816246,68.88438,69.020645,69.08878,69.22505,69.29319,69.42946,69.56573,69.633865,69.770134,69.838264,69.97453,70.04267,70.17894,70.31521,70.38335,70.519615,70.65588,70.79215,70.86029,70.99656,71.13283,71.2691,71.405365,71.54163,71.6779,71.81418,71.95045,72.15485,72.291115,72.49552,72.63179,72.8362,73.0406,73.245,73.51755,73.72195,73.99449,74.26703,74.607704,74.94837,75.28905,75.76599,--,--,--,--,--,--,--,--,--,--
